﻿<?xml version="1.0" encoding="UTF-8"?>
<PROCSET name="Nigeria AIS 2024">
  <PROC log="./replog.txt">
    <COUNTRY name="Nigeria (HH level)" year="2023" />
    <CASEPARAM ID="1" Name="Cluster" len="4" Readonly="false" />
    <CASEPARAM ID="2" Name="Household" len="4" Readonly="false" />
    <CASEPARAM ID="3" Name="Interviewer" len="4" Readonly="false" />
    <GROUP name="Households" overwrite="false">
      <FILE dir="../PII/Data/" recidpos="11" includeincasesearch="true" encoding="UTF-8">
        <ITEM name="HCLUSTER" label="Cluster number" pos="1" len="4" zerofill="true" isid="true" recid="" paramid="1" />
        <ITEM name="HNUMBER" label="HH number" pos="5" len="4" zerofill="true" isid="true" recid="" paramid="2" />
        <ITEM name="HINTNUM" label="Interviewer number" pos="133" len="4" zerofill="false" isid="false" recid="H00" paramid="3" indata="true" />
        <FILEMASK mask="H@.dat">
          <VAR name="HCLUSTER" />
          <VAR name="HINTNUM" />
        </FILEMASK>
      </FILE>
      <FILE dir="../PII/Data/" recidpos="11" includeincasesearch="false" encoding="UTF-8">
        <ITEM name="HCLUSTER" label="Cluster number" pos="1" len="4" zerofill="true" isid="true" recid="" paramid="1" />
        <ITEM name="HNUMBER" label="HH number" pos="5" len="4" zerofill="true" isid="true" recid="" paramid="2" />
        <ITEM name="HINTNUM" label="Interviewer number" pos="0" len="4" zerofill="false" isid="false" recid="" paramid="3" indata="false" />
        <FILEMASK mask="H@.dat.csnot">
          <VAR name="HCLUSTER" />
          <VAR name="HINTNUM" />
        </FILEMASK>
      </FILE>
      <FILE dir="../PII/Data/" recidpos="11" includeincasesearch="false" encoding="UTF-8">
        <ITEM name="HCLUSTER" label="Cluster number" pos="9" len="4" zerofill="true" isid="true" recid="" paramid="1" />
        <ITEM name="HNUMBER" label="HH number" pos="13" len="4" zerofill="true" isid="true" recid="" paramid="2" />
        <ITEM name="HINTNUM" label="Interviewer number" pos="0" len="4" zerofill="false" isid="false" recid="" paramid="3" indata="false" />
        <FILEMASK mask="H@.dat.sts">
          <VAR name="HCLUSTER" />
          <VAR name="HINTNUM" />
        </FILEMASK>
        <HEADER line="[KeyInfo]" />
        <HEADER line="Version=CSPro 3.2" />
        <HEADER line="[PartialNodes]" />
      </FILE>
      <FILE dir="../PII/Data/" recidpos="11" includeincasesearch="false" encoding="UTF-8">
        <ITEM name="HCLUSTER" label="Cluster number" pos="1" len="4" zerofill="true" isid="true" recid="" paramid="1" />
        <ITEM name="HNUMBER" label="HH number" pos="5" len="4" zerofill="true" isid="true" recid="" paramid="2" />
        <ITEM name="HINTNUM" label="Interviewer number" pos="0" len="4" zerofill="false" isid="false" recid="" paramid="3" indata="false" />
        <FILEMASK mask="O@.dat">
          <VAR name="HCLUSTER" />
          <VAR name="HINTNUM" />
        </FILEMASK>
      </FILE>
    </GROUP>
    <GROUP name="Individuals in HH" overwrite="false">
      <FILE dir="../PII/Data/" recidpos="11" includeincasesearch="true" encoding="UTF-8">
        <ITEM name="WCLUSTER" label="Cluster number" pos="1" len="4" zerofill="true" isid="true" recid="" paramid="1" />
        <ITEM name="WNUMBER" label="HH number" pos="5" len="4" zerofill="true" isid="true" recid="" paramid="2" />
        <ITEM name="WINTNUM" label="Interviewer number" pos="97" len="4" zerofill="false" isid="false" recid="W00" paramid="3" indata="true" />
        <FILEMASK mask="I@.dat">
          <VAR name="WCLUSTER" />
          <VAR name="WINTNUM" />
        </FILEMASK>
      </FILE>
      <FILE dir="../PII/Data/" recidpos="11" includeincasesearch="false" encoding="UTF-8">
        <ITEM name="WCLUSTER" label="Cluster number" pos="1" len="4" zerofill="true" isid="true" recid="" paramid="1" />
        <ITEM name="WNUMBER" label="HH number" pos="5" len="4" zerofill="true" isid="true" recid="" paramid="2" />
        <ITEM name="WINTNUM" label="Interviewer number" pos="0" len="4" zerofill="false" isid="false" recid="" paramid="3" indata="false" />
        <FILEMASK mask="I@.dat.csnot">
          <VAR name="WCLUSTER" />
          <VAR name="WINTNUM" />
        </FILEMASK>
      </FILE>
      <FILE dir="../PII/Data/" recidpos="11" includeincasesearch="false" encoding="UTF-8">
        <ITEM name="WCLUSTER" label="Cluster number" pos="9" len="4" zerofill="true" isid="true" recid="" paramid="1" />
        <ITEM name="WNUMBER" label="HH number" pos="13" len="4" zerofill="true" isid="true" recid="" paramid="2" />
        <ITEM name="WINTNUM" label="Interviewer number" pos="0" len="4" zerofill="false" isid="false" recid="" paramid="3" indata="false" />
        <FILEMASK mask="I@.dat.sts">
          <VAR name="WCLUSTER" />
          <VAR name="WINTNUM" />
        </FILEMASK>
        <HEADER line="[KeyInfo]" />
        <HEADER line="Version=CSPro 8.0" />
        <HEADER line="[PartialNodes]" />
      </FILE>
      <MIRRORFILE groupidx="1" fileidx="4" />
    </GROUP>
  </PROC>
  <PROC log="./replog.txt">
    <COUNTRY name="Nigeria (IND level)" year="2023" />
    <CASEPARAM ID="1" Name="Cluster" len="4" Readonly="true" />
    <CASEPARAM ID="2" Name="Household" len="4" Readonly="true" />
    <CASEPARAM ID="3" Name="Line" len="2" Readonly="false" />
    <CASEPARAM ID="4" Name="Interviewer" len="4" Readonly="true" />
    <GROUP name="Individual" overwrite="true">
      <FILE dir="../PII/Data/" recidpos="11" includeincasesearch="true" encoding="UTF-8">
        <ITEM name="WCLUSTER" label="Cluster number" pos="1" len="4" zerofill="true" isid="true" recid="" paramid="1" />
        <ITEM name="WNUMBER" label="HH number" pos="5" len="4" zerofill="true" isid="true" recid="" paramid="2" />
        <ITEM name="WLINE" label="Line number" pos="9" len="2" zerofill="true" isid="true" recid="" paramid="3" />
        <ITEM name="WINTNUM" label="Interviewer number" pos="97" len="4" zerofill="false" isid="false" recid="W00" paramid="4" indata="true" />
        <FILEMASK mask="I@.dat">
          <VAR name="WCLUSTER" />
          <VAR name="WINTNUM" />
        </FILEMASK>
      </FILE>
      <FILE dir="../PII/Data/" recidpos="11" includeincasesearch="false" encoding="UTF-8">
        <ITEM name="WCLUSTER" label="Cluster number" pos="1" len="4" zerofill="true" isid="true" recid="" paramid="1" />
        <ITEM name="WNUMBER" label="HH number" pos="5" len="4" zerofill="true" isid="true" recid="" paramid="2" />
        <ITEM name="WLINE" label="Line number" pos="9" len="2" zerofill="true" isid="true" recid="" paramid="3" />
        <ITEM name="WINTNUM" label="Interviewer number" pos="0" len="4" zerofill="false" isid="false" recid="" paramid="4" indata="false" />
        <FILEMASK mask="I@.dat.csnot">
          <VAR name="WCLUSTER" />
          <VAR name="WINTNUM" />
        </FILEMASK>
      </FILE>
      <FILE dir="../PII/Data/" recidpos="11" includeincasesearch="false" encoding="UTF-8">
        <ITEM name="WCLUSTER" label="Cluster number" pos="9" len="4" zerofill="true" isid="true" recid="" paramid="1" />
        <ITEM name="WNUMBER" label="HH number" pos="13" len="4" zerofill="true" isid="true" recid="" paramid="2" />
        <ITEM name="WLINE" label="Line number" pos="17" len="2" zerofill="true" isid="true" recid="" paramid="3" />
        <ITEM name="WINTNUM" label="Interviewer number" pos="0" len="4" zerofill="false" isid="false" recid="" paramid="4" indata="false" />
        <FILEMASK mask="I@.dat.sts">
          <VAR name="WCLUSTER" />
          <VAR name="WINTNUM" />
        </FILEMASK>
        <HEADER line="[KeyInfo]" />
        <HEADER line="Version=CSPro 3.2" />
        <HEADER line="[PartialNodes]" />
      </FILE>
      <FILE dir="../PII/Data/" recidpos="11" includeincasesearch="false" encoding="UTF-8">
        <ITEM name="WCLUSTER" label="Cluster number" pos="1" len="4" zerofill="true" isid="true" recid="" paramid="1" />
        <ITEM name="WNUMBER" label="HH number" pos="5" len="4" zerofill="true" isid="true" recid="" paramid="2" />
        <ITEM name="WLINE" label="Line number" pos="9" len="2" zerofill="true" isid="true" recid="" paramid="3" />
        <ITEM name="WINTNUM" label="Interviewer number" pos="0" len="4" zerofill="false" isid="false" recid="" paramid="4" indata="false" />
        <FILEMASK mask="O@.dat">
          <VAR name="WCLUSTER" />
          <VAR name="WINTNUM" />
        </FILEMASK>
      </FILE>
    </GROUP>
  </PROC>
</PROCSET>